Symbol,Name,LastSale,MarketCap,ADR TSO,IPOyear,Sector,Industry,Summary Quote
CQP,"Cheniere Energy Partners, LP",44.15,21369069005.45,n/a,2007,Public Utilities,Oil/Gas Transmission,https://www.nasdaq.com/symbol/cqp
IMO,Imperial Oil Limited,24.96,19038829530.24,n/a,n/a,Energy,Integrated oil Companies,https://www.nasdaq.com/symbol/imo
LNG,"Cheniere Energy, Inc.",60.78,15607087366.74,n/a,n/a,Public Utilities,Oil/Gas Transmission,https://www.nasdaq.com/symbol/lng
SEB,Seaboard Corporation,3882.48,4524288886.32,n/a,1996,Finance,Investment Bankers/Brokers/Service,https://www.nasdaq.com/symbol/seb
BTG,B2Gold Corp,3.63,3679149695.43,n/a,n/a,Basic Industries,Precious Metals,https://www.nasdaq.com/symbol/btg
NG,Novagold Resources Inc.,6.7,2182370142.90,n/a,n/a,Basic Industries,Precious Metals,https://www.nasdaq.com/symbol/ng
UTG,Reaves Utility Income Fund,36.55,1780108867.95,n/a,2004,n/a,n/a,https://www.nasdaq.com/symbol/utg
SIM,"Grupo Simec, S.A. de C.V.",9.73,1601905633.44,n/a,1993,Basic Industries,Steel/Iron Ore,https://www.nasdaq.com/symbol/sim
PRK,Park National Corporation,91.72,1505456859.52,n/a,n/a,Finance,Major Banks,https://www.nasdaq.com/symbol/prk
EVV,Eaton Vance Limited Duration Income Fund,12.52,1454160665.36,n/a,2003,n/a,n/a,https://www.nasdaq.com/symbol/evv
NHC,National HealthCare Corporation,84.5,1294437755.00,n/a,n/a,Health Care,Hospital/Nursing Management,https://www.nasdaq.com/symbol/nhc
TMP,Tompkins Financial Corporation,78.06,1178564321.10,n/a,n/a,Finance,Major Banks,https://www.nasdaq.com/symbol/tmp
SAND          ,Sandstorm Gold Ltd,6.34,1126218364.44,n/a,n/a,Basic Industries,Precious Metals,https://www.nasdaq.com/symbol/sand
EIM,Eaton Vance Municipal Bond Fund,13.01,1050252025.20,n/a,2002,n/a,n/a,https://www.nasdaq.com/symbol/eim
SRCI,SRC Energy Inc.,4.3,1046936011.30,n/a,n/a,Energy,Oil & Gas Production,https://www.nasdaq.com/symbol/srci
FAX,Aberdeen Asia-Pacific Income Fund Inc,4.18,1037930002.34,n/a,1986,n/a,n/a,https://www.nasdaq.com/symbol/fax
MAG,MAG Silver Corporation,11.79,1018470166.02,n/a,n/a,Basic Industries,Precious Metals,https://www.nasdaq.com/symbol/mag
CCF,Chase Corporation,99.46,936149645.58,n/a,n/a,Consumer Durables,Building Products,https://www.nasdaq.com/symbol/ccf
CVRS,"Corindus Vascular Robotics, Inc.",4.26,888354477.90,n/a,2015,Health Care,Medical/Dental Instruments,https://www.nasdaq.com/symbol/cvrs
CLM,"Cornerstone Strategic Value Fund, Inc.",11.76,853581760.08,n/a,1987,n/a,n/a,https://www.nasdaq.com/symbol/clm
FSP,Franklin Street Properties Corp.,7.83,839619943.65,n/a,n/a,Consumer Services,Real Estate Investment Trusts,https://www.nasdaq.com/symbol/fsp
CET,Central Securities Corporation,30.31,772379606.46,n/a,n/a,n/a,n/a,https://www.nasdaq.com/symbol/cet
NOG,"Northern Oil and Gas, Inc.",1.72,685514309.32,n/a,n/a,Energy,Oil & Gas Production,https://www.nasdaq.com/symbol/nog
NGD,New Gold Inc.,1.17,677564890.47,n/a,n/a,Basic Industries,Precious Metals,https://www.nasdaq.com/symbol/ngd
SVM,Silvercorp Metals Inc.,3.82,649448330.64,n/a,n/a,Basic Industries,Precious Metals,https://www.nasdaq.com/symbol/svm
GGN,"GAMCO Global Gold, Natural Reources & Income Trust ",4.49,612109859.87,n/a,2005,n/a,n/a,https://www.nasdaq.com/symbol/ggn
GSAT,"Globalstar, Inc.",0.3952,573755732.89,n/a,2006,Consumer Services,Telecommunications Equipment,https://www.nasdaq.com/symbol/gsat
GTE,Gran Tierra Energy Inc.,1.43,544793831.01,n/a,n/a,Energy,Oil & Gas Production,https://www.nasdaq.com/symbol/gte
MMX,Maverix Metals Inc.,4.8296,521347312.52,n/a,n/a,Basic Industries,Precious Metals,https://www.nasdaq.com/symbol/mmx
EAD,Wells Fargo Income Opportunities Fund,8.18,515961246.46,n/a,2003,n/a,n/a,https://www.nasdaq.com/symbol/ead
VKI,Invesco Advantage Municipal Income Trust II,11.54,512278498.54,n/a,n/a,n/a,n/a,https://www.nasdaq.com/symbol/vki
SILV,SilverCrest Metals Inc.,5.88,505387852.20,n/a,2018,Basic Industries,Precious Metals,https://www.nasdaq.com/symbol/silv
NXE,Nexgen Energy Ltd.,1.29,458932591.71,n/a,n/a,Basic Industries,Precious Metals,https://www.nasdaq.com/symbol/nxe
NRCG,NRC Group Holdings Corp.,11.93,453941093.05,n/a,2017,Basic Industries,Environmental Services,https://www.nasdaq.com/symbol/nrcg
CRF,"Cornerstone Strategic Return Fund, Inc. (The)",11.46,439648701.06,n/a,n/a,n/a,n/a,https://www.nasdaq.com/symbol/crf
INS,Intelligent Systems Corporation,48.34,427856759.92,n/a,1992,Technology,Computer Software: Prepackaged Software,https://www.nasdaq.com/symbol/ins
FEN,First Trust Energy Income and Growth Fund,21.21,424101585.60,n/a,2004,n/a,n/a,https://www.nasdaq.com/symbol/fen
NML,Neuberger Berman MLP and Energy Income Fund Inc.,6.99,396045906.72,n/a,2013,n/a,n/a,https://www.nasdaq.com/symbol/nml
EVI,"EVI Industries, Inc.",32.73,384128051.64,n/a,n/a,Consumer Services,Other Consumer Services,https://www.nasdaq.com/symbol/evi
ERC,Wells Fargo Multi-Sector Income Fund,12.42,381493291.32,n/a,2003,n/a,n/a,https://www.nasdaq.com/symbol/erc
LTS,Ladenburg Thalmann Financial Services Inc,2.49,369890421.30,n/a,n/a,Finance,Investment Bankers/Brokers/Service,https://www.nasdaq.com/symbol/lts
PLM,Polymet Mining Corp.,0.36,361846499.76,n/a,n/a,Basic Industries,Precious Metals,https://www.nasdaq.com/symbol/plm
BHB,"Bar Harbor Bankshares, Inc.",22.83,354909609.48,n/a,n/a,Finance,Major Banks,https://www.nasdaq.com/symbol/bhb
AEF,"Aberdeen Emerging Markets Equity Income Fund, Inc.",6.89,349679750.42,n/a,n/a,n/a,n/a,https://www.nasdaq.com/symbol/aef
VHC,VirnetX Holding Corp,4.99,344039986.11,n/a,n/a,Miscellaneous,Multi-Sector Companies,https://www.nasdaq.com/symbol/vhc
GSS,"Golden Star Resources, Ltd",2.99,325512362.89,n/a,n/a,Basic Industries,Precious Metals,https://www.nasdaq.com/symbol/gss
RFL,"Rafael Holdings, Inc.",20.2,318744162.80,n/a,2018,Finance,Real Estate,https://www.nasdaq.com/symbol/rfl
CTO,Consolidated-Tomoka Land Co.,62.3,306997454.40,n/a,n/a,Finance,Real Estate,https://www.nasdaq.com/symbol/cto
GLO,Clough Global Opportunities Fund,9.28,299042543.36,n/a,2006,n/a,n/a,https://www.nasdaq.com/symbol/glo
CVM,Cel-Sci Corporation,8.75,294899955.00,n/a,n/a,Health Care,Biotechnology: Biological Products (No Diagnostic Substances),https://www.nasdaq.com/symbol/cvm
NBH,Neuberger Berman Municipal Fund Inc.,15.32,288077280.00,n/a,2002,n/a,n/a,https://www.nasdaq.com/symbol/nbh
FTF,Franklin Limited Duration Income Trust,9.54,287524485.90,n/a,2003,n/a,n/a,https://www.nasdaq.com/symbol/ftf
BRG,"Bluerock Residential Growth REIT, Inc.",12.12,271412771.16,n/a,2014,Consumer Services,Real Estate Investment Trusts,https://www.nasdaq.com/symbol/brg
USAS,Americas Silver Corporation,3.26,268909683.58,n/a,2017,Basic Industries,Precious Metals,https://www.nasdaq.com/symbol/usas
DHY,Credit Suisse High Yield Bond Fund,2.52,260763982.92,n/a,1998,n/a,n/a,https://www.nasdaq.com/symbol/dhy
NRO,"Neuberger Berman Real Estate Securities Income Fund, Inc.",5.37,254643627.90,n/a,2003,n/a,n/a,https://www.nasdaq.com/symbol/nro
GSV,Gold Standard Ventures Corporation,0.914,253445697.80,n/a,n/a,Basic Industries,Mining & Quarrying of Nonmetallic Minerals (No Fuels),https://www.nasdaq.com/symbol/gsv
DNN,Denison Mine Corp,0.427,252022398.96,n/a,n/a,Basic Industries,Precious Metals,https://www.nasdaq.com/symbol/dnn
NAK,"Northern Dynasty Minerals, Ltd.",0.6902,249576204.74,n/a,n/a,Basic Industries,Precious Metals,https://www.nasdaq.com/symbol/nak
RLGT,"Radiant Logistics, Inc.",4.99,247368751.04,n/a,n/a,Transportation,Oil Refining/Marketing,https://www.nasdaq.com/symbol/rlgt
EVM,Eaton Vance California Municipal Bond Fund,11.38,243467680.24,n/a,2002,n/a,n/a,https://www.nasdaq.com/symbol/evm
SDI,Standard Diversified Inc.,14.27,240268328.08,n/a,n/a,Consumer Non-Durables,Tobacco,https://www.nasdaq.com/symbol/sdi
GPL,Great Panther Mining Limited,0.796,240076935.24,n/a,n/a,Basic Industries,Precious Metals,https://www.nasdaq.com/symbol/gpl
GSB,"GlobalSCAPE, Inc.",13.85,239954047.70,n/a,n/a,Technology,Computer Software: Prepackaged Software,https://www.nasdaq.com/symbol/gsb
XXII,"22nd Century Group, Inc",1.9,238761478.40,n/a,n/a,Consumer Non-Durables,Farming/Seeds/Milling,https://www.nasdaq.com/symbol/xxii
CRHM,CRH Medical Corporation,3.29,236991392.82,n/a,2015,Health Care,Medical/Nursing Services,https://www.nasdaq.com/symbol/crhm
BIOX,Bioceres Crop Solutions Corp.,6.5,234783360.50,n/a,2018,Basic Industries,Agricultural Chemicals,https://www.nasdaq.com/symbol/biox
TMQ,Trilogy Metals Inc.,1.77,233893830.39,n/a,n/a,Basic Industries,Precious Metals,https://www.nasdaq.com/symbol/tmq
SMTS,Sierra Metals Inc.,1.43,232936422.29,n/a,n/a,Basic Industries,Precious Metals,https://www.nasdaq.com/symbol/smts
NHS,Neuberger Berman High Yield Strategies Fund,11.78,230188091.30,n/a,n/a,n/a,n/a,https://www.nasdaq.com/symbol/nhs
SENS,"Senseonics Holdings, Inc.",1.12,227548389.60,n/a,n/a,Capital Goods,Industrial Machinery/Components,https://www.nasdaq.com/symbol/sens
TRXC,"TransEnterix, Inc.",1.04,226452084.56,n/a,n/a,Health Care,Medical/Dental Instruments,https://www.nasdaq.com/symbol/trxc
ENX,Eaton Vance New York Municipal Bond Fund,12.32,223217382.08,n/a,2002,n/a,n/a,https://www.nasdaq.com/symbol/enx
AKG,Asanko Gold Inc.,0.97,219030475.58,n/a,n/a,Basic Industries,Mining & Quarrying of Nonmetallic Minerals (No Fuels),https://www.nasdaq.com/symbol/akg
NEN,New England Realty Associates Limited Partnership,59.27,217501103.82,n/a,n/a,Consumer Services,Building operators,https://www.nasdaq.com/symbol/nen
PFNX,Pfenex Inc.,6.81,215179601.52,n/a,2014,Health Care,Major Pharmaceuticals,https://www.nasdaq.com/symbol/pfnx
AXU,Alexco Resource Corp,1.8,210590226.00,n/a,n/a,Basic Industries,Precious Metals,https://www.nasdaq.com/symbol/axu
GORO,Gold Resource Corporation,3.2,209872867.20,n/a,n/a,Basic Industries,Precious Metals,https://www.nasdaq.com/symbol/goro
EPM,"Evolution Petroleum Corporation, Inc.",6.06,201111189.90,n/a,n/a,Energy,Oil & Gas Production,https://www.nasdaq.com/symbol/epm
RIF,RMR Real Estate Income Fund,19.49,198837155.41,n/a,n/a,n/a,n/a,https://www.nasdaq.com/symbol/rif
BGSF,BG Staffing Inc,19.42,198758223.56,n/a,n/a,Technology,Professional Services,https://www.nasdaq.com/symbol/bgsf
PTN,"Palatin Technologies, Inc.",0.9099,196134606.40,n/a,n/a,Health Care,Major Pharmaceuticals,https://www.nasdaq.com/symbol/ptn
CRMD,CorMedix Inc.,8.2,195276923.80,n/a,n/a,Health Care,Major Pharmaceuticals,https://www.nasdaq.com/symbol/crmd
DMF,BNY Mellon Municipal Income Inc.,8.91,184849363.71,n/a,1988,n/a,n/a,https://www.nasdaq.com/symbol/dmf
CIX,CompX International Inc.,14.78,183908382.46,n/a,1998,Capital Goods,Industrial Machinery/Components,https://www.nasdaq.com/symbol/cix
EVBN,"Evans Bancorp, Inc.",35.5,174648711.00,n/a,n/a,Finance,Major Banks,https://www.nasdaq.com/symbol/evbn
VNRX,VolitionRX Limited,3.88,172584953.04,n/a,2015,Health Care,Biotechnology: In Vitro & In Vivo Diagnostic Substances,https://www.nasdaq.com/symbol/vnrx
UEC,Uranium Energy Corp.,0.9361,169138784.79,n/a,n/a,Basic Industries,Precious Metals,https://www.nasdaq.com/symbol/uec
CIK,"Credit Suisse Asset Management Income Fund, Inc.",3.16,165283575.64,n/a,n/a,n/a,n/a,https://www.nasdaq.com/symbol/cik
PLYM,"Plymouth Industrial REIT, Inc.",18.58,162663849.56,n/a,2017,Consumer Services,Real Estate Investment Trusts,https://www.nasdaq.com/symbol/plym
DLA,"Delta Apparel, Inc.",23.3,161269016.10,n/a,n/a,Consumer Non-Durables,Apparel,https://www.nasdaq.com/symbol/dla
UUUU,Energy Fuels Inc,1.65,158133605.85,n/a,n/a,Basic Industries,Mining & Quarrying of Nonmetallic Minerals (No Fuels),https://www.nasdaq.com/symbol/uuuu
VMM,"Delaware Investments Minnesota Municipal Income Fund II, Inc.",13.28,152786068.00,n/a,1993,n/a,n/a,https://www.nasdaq.com/symbol/vmm
LCTX,"Lineage Cell Therapeutics, Inc.",1.02,152635718.22,n/a,n/a,Health Care,Biotechnology: Biological Products (No Diagnostic Substances),https://www.nasdaq.com/symbol/lctx
ECF,Ellsworth Growth and Income Fund Ltd.,10.95,142603678.65,n/a,1986,n/a,n/a,https://www.nasdaq.com/symbol/ecf
REI,"Ring Energy, Inc.",2.08,141047110.88,n/a,n/a,Energy,Oil & Gas Production,https://www.nasdaq.com/symbol/rei
ELLO,Ellomay Capital Ltd.,13.2,140964040.80,n/a,n/a,Public Utilities,Electric Utilities: Central,https://www.nasdaq.com/symbol/ello
AE,"Adams Resources & Energy, Inc.",32.79,138819317.73,n/a,n/a,Energy,Oil Refining/Marketing,https://www.nasdaq.com/symbol/ae
YCBD,"cbdMD, Inc.",4.98,138047372.88,n/a,2017,Consumer Non-Durables,Package Goods/Cosmetics,https://www.nasdaq.com/symbol/ycbd
AUG,Auryn Resources Inc.,1.41,134189559.00,n/a,n/a,Basic Industries,Precious Metals,https://www.nasdaq.com/symbol/aug
GLQ,Clough Global Equity Fund,12.04,132749319.64,n/a,2005,n/a,n/a,https://www.nasdaq.com/symbol/glq
CDOR,"Condor Hospitality Trust, Inc.",11,131075494.00,n/a,n/a,Consumer Services,Real Estate Investment Trusts,https://www.nasdaq.com/symbol/cdor
TRX,Tanzanian Gold Corporation,0.8906,127575091.55,n/a,n/a,Basic Industries,Precious Metals,https://www.nasdaq.com/symbol/trx
GDP,Goodrich Petroleum Corporation,10.26,126236146.68,n/a,2017,Energy,Oil & Gas Production,https://www.nasdaq.com/symbol/gdp
BCV,Bancroft Fund Limited,23.93,125758252.15,n/a,n/a,n/a,n/a,https://www.nasdaq.com/symbol/bcv
ERH,Wells Fargo Utilities and High Income Fund,13.11,121357670.58,n/a,2004,n/a,n/a,https://www.nasdaq.com/symbol/erh
HNW,Pioneer Diversified High Income Trust,14.43,120242159.70,n/a,2007,n/a,n/a,https://www.nasdaq.com/symbol/hnw
THM,International Tower Hill Mines Ltd,0.63,118171412.73,n/a,n/a,Basic Industries,Precious Metals,https://www.nasdaq.com/symbol/thm
TPHS,Trinity Place Holdings Inc.,3.7,118046217.10,n/a,n/a,Consumer Services,Building operators,https://www.nasdaq.com/symbol/tphs
OCX,OncoCyte Corporation,2.27,117978324.10,n/a,2015,Health Care,Biotechnology: In Vitro & In Vivo Diagnostic Substances,https://www.nasdaq.com/symbol/ocx
IAF,Aberdeen Australia Equity Fund Inc,5.14,116895555.64,n/a,n/a,n/a,n/a,https://www.nasdaq.com/symbol/iaf
AGE,"AgeX Therapeutics, Inc.",2.97,111761100.00,n/a,2018,Health Care,Major Pharmaceuticals,https://www.nasdaq.com/symbol/age
EMX,EMX Royalty Corporation,1.33,109378481.80,n/a,n/a,Basic Industries,Precious Metals,https://www.nasdaq.com/symbol/emx
SACH,Sachem Capital Corp.,5.02,108283643.94,n/a,2017,Consumer Services,Real Estate Investment Trusts,https://www.nasdaq.com/symbol/sach
IMH,"Impac Mortgage Holdings, Inc.",5.0255,106446909.60,n/a,1997,Consumer Services,Real Estate Investment Trusts,https://www.nasdaq.com/symbol/imh
TGB,Taseko Mines Limited,0.43,105863514.17,n/a,n/a,Basic Industries,Precious Metals,https://www.nasdaq.com/symbol/tgb
CHAC,Chardan Healthcare Acquisition Corp.,10.25,103140625.00,n/a,2019,Finance,Business Services,https://www.nasdaq.com/symbol/chac
MTNB,"Matinas Biopharma Holdings, Inc.",0.7115,101738410.98,n/a,2017,Health Care,Major Pharmaceuticals,https://www.nasdaq.com/symbol/mtnb
BKJ,"Bancorp of New Jersey, Inc",13.49,98391972.53,n/a,n/a,Finance,Major Banks,https://www.nasdaq.com/symbol/bkj
GLU,The Gabelli Global Utility and Income Trust,18.235,97909659.61,n/a,2004,n/a,n/a,https://www.nasdaq.com/symbol/glu
LOV,"Spark Networks, Inc.",7.41,96240857.70,n/a,2017,Consumer Services,Other Consumer Services,https://www.nasdaq.com/symbol/lov
CEV,Eaton Vance California Municipal Income Trust,13.41,95661240.75,n/a,1999,n/a,n/a,https://www.nasdaq.com/symbol/cev
INFU,"InfuSystems Holdings, Inc.",4.7237,93070149.43,n/a,n/a,Health Care,Medical/Dental Instruments,https://www.nasdaq.com/symbol/infu
VISI,"Volt Information Sciences, Inc.",4.34,92059333.52,n/a,n/a,Technology,Professional Services,https://www.nasdaq.com/symbol/visi
ROX,"Castle Brands, Inc.",0.5299,90232905.53,n/a,2006,Consumer Non-Durables,Beverages (Production/Distribution),https://www.nasdaq.com/symbol/rox
URG,Ur Energy Inc,0.555,88722468.17,n/a,n/a,Basic Industries,Precious Metals,https://www.nasdaq.com/symbol/urg
CVU,"CPI Aerostructures, Inc.",7.35,87017135.10,n/a,n/a,Capital Goods,Military/Government/Technical,https://www.nasdaq.com/symbol/cvu
VGZ,Vista Gold Corporation,0.8501,85466963.60,n/a,n/a,Basic Industries,Precious Metals,https://www.nasdaq.com/symbol/vgz
AAU,"Almaden Minerals, Ltd.",0.754,84241946.13,n/a,2015,Basic Industries,Precious Metals,https://www.nasdaq.com/symbol/aau
NES,"Nuverra Environmental Solutions, Inc.",5.1,80115379.80,n/a,2017,Energy,Oilfield Services/Equipment,https://www.nasdaq.com/symbol/nes
NBW,Neuberger Berman California Municipal Fund Inc,13.92,77269920.00,n/a,2002,n/a,n/a,https://www.nasdaq.com/symbol/nbw
WRN,Western Copper and Gold Corporation,0.7337,76716406.43,n/a,2011,Basic Industries,Precious Metals,https://www.nasdaq.com/symbol/wrn
GLV,Clough Global Dividend and Income Fund,10.78,75529390.86,n/a,2004,n/a,n/a,https://www.nasdaq.com/symbol/glv
PED,Pedevco Corp.,1.39,74819620.35,n/a,n/a,Energy,Oil & Gas Production,https://www.nasdaq.com/symbol/ped
AINC,Ashford Inc.,28.08,73397862.72,n/a,2014,Consumer Services,Professional Services,https://www.nasdaq.com/symbol/ainc
FCO,"Aberdeen Global Income Fund, Inc.",8.41,73375475.49,n/a,1992,n/a,n/a,https://www.nasdaq.com/symbol/fco
EVY,Eaton Vance New York Municipal Income Trust,13.38,72824008.38,n/a,1999,n/a,n/a,https://www.nasdaq.com/symbol/evy
VCF,"Delaware Investments Colorado Municipal Income Fund, Inc",14.8703,71929128.13,n/a,1993,n/a,n/a,https://www.nasdaq.com/symbol/vcf
ACU,Acme United Corporation.,21,70394730.00,n/a,1988,Capital Goods,Industrial Machinery/Components,https://www.nasdaq.com/symbol/acu
NTIP,"Network-1 Technologies, Inc.",2.76,66673314.48,n/a,n/a,Miscellaneous,Multi-Sector Companies,https://www.nasdaq.com/symbol/ntip
IEC,IEC Electronics Corp.,6.41,66244677.03,n/a,n/a,Technology,Electrical Products,https://www.nasdaq.com/symbol/iec
IDN,"Intellicheck, Inc.",4.17,66224362.14,n/a,1999,Technology,Computer Software: Prepackaged Software,https://www.nasdaq.com/symbol/idn
NBO,Neuberger Berman New York Municipal Fund Inc.,12.59,63919430.00,n/a,2002,n/a,n/a,https://www.nasdaq.com/symbol/nbo
VFL,Delaware Investments Florida Insured Municipal Income Fund,13.91,62990656.04,n/a,1993,n/a,n/a,https://www.nasdaq.com/symbol/vfl
ALO,Alio Gold Inc.,0.7335,62132689.39,n/a,2011,Basic Industries,Precious Metals,https://www.nasdaq.com/symbol/alo
CMCL,Caledonia Mining Corporation Plc,5.71,61381951.84,n/a,n/a,Basic Industries,Precious Metals,https://www.nasdaq.com/symbol/cmcl
ESP,Espey Mfg. & Electronics Corp.,24.75,59417646.75,n/a,n/a,Capital Goods,Industrial Machinery/Components,https://www.nasdaq.com/symbol/esp
MHH,"Mastech Digital, Inc",5.38,59358427.70,n/a,n/a,Consumer Services,Professional Services,https://www.nasdaq.com/symbol/mhh
AMBO,Ambow Education Holding Ltd.,2.65,57360728.70,n/a,n/a,Consumer Services,Other Consumer Services,https://www.nasdaq.com/symbol/ambo
IOR,"Income Opportunity Realty Investors, Inc.",13.75,57312942.50,n/a,n/a,Consumer Services,Real Estate Investment Trusts,https://www.nasdaq.com/symbol/ior
AMPE,"Ampio Pharmaceuticals, Inc.",0.4007,56982690.30,n/a,n/a,Health Care,Major Pharmaceuticals,https://www.nasdaq.com/symbol/ampe
UAMY,United States Antimony Corporation,0.788,53920610.75,n/a,n/a,Capital Goods,Metal Fabrications,https://www.nasdaq.com/symbol/uamy
DIT,AMCON Distributing Company,90.51,53651341.17,n/a,n/a,Consumer Non-Durables,Food Distributors,https://www.nasdaq.com/symbol/dit
CMT,Core Molding Technologies Inc,6.28,51929822.40,n/a,n/a,Consumer Non-Durables,Plastic Products,https://www.nasdaq.com/symbol/cmt
MRIC,"MRI Interventions, Inc.",3.775,51665858.00,n/a,n/a,Health Care,Medical/Dental Instruments,https://www.nasdaq.com/symbol/mric
BKTI,BK Technologies Corporation,4.01,50974951.58,n/a,n/a,Technology,Radio And Television Broadcasting And Communications Equipment,https://www.nasdaq.com/symbol/bkti
GV,Goldfield Corporation (The),2.07,50761645.38,n/a,n/a,Basic Industries,Water Supply,https://www.nasdaq.com/symbol/gv
SGB,Southwest Georgia Financial Corporation,19.86,50559111.36,n/a,n/a,Finance,Major Banks,https://www.nasdaq.com/symbol/sgb
ASM,Avino Silver,0.6604,50208315.99,n/a,n/a,Basic Industries,Precious Metals,https://www.nasdaq.com/symbol/asm
INTT,inTest Corporation,4.7,49658710.10,n/a,1997,Capital Goods,Electrical Products,https://www.nasdaq.com/symbol/intt
PLG,Platinum Group Metals Ltd.,1.41,49255631.52,n/a,n/a,Basic Industries,Precious Metals,https://www.nasdaq.com/symbol/plg
APT,"Alpha Pro Tech, Ltd.",3.46,45391217.54,n/a,n/a,Health Care,Industrial Specialties,https://www.nasdaq.com/symbol/apt
KIQ,Kelso Technologies Inc,0.9497,44797430.67,n/a,n/a,Capital Goods,Railroads,https://www.nasdaq.com/symbol/kiq
LGL,"LGL Group, Inc. (The)",9.16,44636020.48,n/a,n/a,Capital Goods,Industrial Machinery/Components,https://www.nasdaq.com/symbol/lgl
ELMD,"Electromed, Inc.",5.21,43807508.71,n/a,2011,Health Care,Biotechnology: Electromedical & Electrotherapeutic Apparatus,https://www.nasdaq.com/symbol/elmd
BTN,"Ballantyne Strong, Inc",3,43556268.00,n/a,n/a,Miscellaneous,Industrial Machinery/Components,https://www.nasdaq.com/symbol/btn
EGI,Entree Resources Ltd.,0.2442,42703607.85,n/a,2017,Basic Industries,Precious Metals,https://www.nasdaq.com/symbol/egi
IGC,India Globalization Capital Inc.,1.07,42277205.49,n/a,n/a,Technology,Electronic Components,https://www.nasdaq.com/symbol/igc
FRD,Friedman Industries Inc.,5.8,40596775.20,n/a,n/a,Capital Goods,Steel/Iron Ore,https://www.nasdaq.com/symbol/frd
LBY,"Libbey, Inc.",1.81,40448967.76,n/a,1993,Capital Goods,Industrial Machinery/Components,https://www.nasdaq.com/symbol/lby
DXF,Dunxin Financial Holdings Limited,1.9158,39946909.05,n/a,n/a,Finance,Finance: Consumer Services,https://www.nasdaq.com/symbol/dxf
BDL,"Flanigan&#39;s Enterprises, Inc.",20.95,38938654.65,n/a,n/a,Consumer Services,Restaurants,https://www.nasdaq.com/symbol/bdl
PLX,"Protalix BioTherapeutics, Inc.",0.26,38579397.74,n/a,n/a,Health Care,Biotechnology: Biological Products (No Diagnostic Substances),https://www.nasdaq.com/symbol/plx
ARMP,"Armata Pharmaceuticals, Inc.",3.85,38346296.45,n/a,n/a,Health Care,Biotechnology: Biological Products (No Diagnostic Substances),https://www.nasdaq.com/symbol/armp
TAT,Transatlantic Petroleum Ltd,0.72,37960535.52,n/a,n/a,Energy,Oil & Gas Production,https://www.nasdaq.com/symbol/tat
XTNT,"Xtant Medical Holdings, Inc.",2.86,37642639.32,n/a,n/a,Health Care,Biotechnology: Biological Products (No Diagnostic Substances),https://www.nasdaq.com/symbol/xtnt
FSI,Flexible Solutions International Inc.,3.19,37439578.55,n/a,n/a,Basic Industries,Major Chemicals,https://www.nasdaq.com/symbol/fsi
ATNM,"Actinium Pharmaceuticals, Inc.",0.2256,36643215.36,n/a,n/a,Health Care,Major Pharmaceuticals,https://www.nasdaq.com/symbol/atnm
MCF,Contango Oil & Gas Company,1.05,36156126.30,n/a,n/a,Energy,Oil & Gas Production,https://www.nasdaq.com/symbol/mcf
CTEK,"CynergisTek, Inc.",3.69,36064292.49,n/a,2017,Miscellaneous,Business Services,https://www.nasdaq.com/symbol/ctek
CCA,MFS California Insured Municipal Trust,12.79,35636457.25,n/a,1999,n/a,n/a,https://www.nasdaq.com/symbol/cca
ISDR,Issuer Direct Corporation,9.18,35458374.24,n/a,n/a,Miscellaneous,Publishing,https://www.nasdaq.com/symbol/isdr
DXR,Daxor Corporation,9.05,33909064.90,n/a,n/a,Health Care,Medical/Dental Instruments,https://www.nasdaq.com/symbol/dxr
WTT,"Wireless Telecom Group,  Inc.",1.56,33228393.12,n/a,n/a,Capital Goods,Electrical Products,https://www.nasdaq.com/symbol/wtt
WYY,WidePoint Corporation,0.3875,32686019.48,n/a,n/a,Technology,EDP Services,https://www.nasdaq.com/symbol/wyy
LLEX,"Lilis Energy, Inc.",0.3451,31705505.16,n/a,n/a,Energy,Oil & Gas Production,https://www.nasdaq.com/symbol/llex
LEU,Centrus Energy Corp.,3.2462,30700576.17,n/a,2014,Basic Industries,Mining & Quarrying of Nonmetallic Minerals (No Fuels),https://www.nasdaq.com/symbol/leu
GRF,"Eagle Capital Growth Fund, Inc.",7.8822,30683095.12,n/a,n/a,n/a,n/a,https://www.nasdaq.com/symbol/grf
AIRI,Air Industries Group,1.03,29816868.48,n/a,n/a,Capital Goods,Military/Government/Technical,https://www.nasdaq.com/symbol/airi
CUO,Continental Materials Corporation,16.3835,28105681.26,n/a,n/a,Capital Goods,Building Materials,https://www.nasdaq.com/symbol/cuo
UFAB,"Unique Fabricating, Inc.",2.79,27283820.13,n/a,2015,Capital Goods,Auto Parts:O.E.M.,https://www.nasdaq.com/symbol/ufab
CVR,Chicago Rivet & Machine Co.,28,27051696.00,n/a,n/a,Technology,Industrial Machinery/Components,https://www.nasdaq.com/symbol/cvr
ZOM,Zomedica Pharmaceuticals Corp.,0.25,27009599.50,n/a,2017,Health Care,Major Pharmaceuticals,https://www.nasdaq.com/symbol/zom
AUMN,Golden Minerals Company,0.2427,25701269.61,n/a,n/a,Basic Industries,Precious Metals,https://www.nasdaq.com/symbol/aumn
SVT,"Servotronics, Inc.",9.8739,25483351.03,n/a,n/a,Capital Goods,Industrial Machinery/Components,https://www.nasdaq.com/symbol/svt
GGO,The Gabelli Go Anywhere Trust,15.69,25302509.88,n/a,2016,n/a,n/a,https://www.nasdaq.com/symbol/ggo
PLAG,Planet Green Holdings Corp,3.2007,25214362.44,n/a,n/a,Consumer Non-Durables,Packaged Foods,https://www.nasdaq.com/symbol/plag
GMO,"General Moly, Inc",0.199,23943456.52,n/a,n/a,Basic Industries,Precious Metals,https://www.nasdaq.com/symbol/gmo
RVP,"Retractable Technologies, Inc.",0.72,23525966.88,n/a,n/a,Health Care,Medical/Dental Instruments,https://www.nasdaq.com/symbol/rvp
PZG,Paramount Gold Nevada Corp.,0.88,23337559.52,n/a,2015,Basic Industries,Precious Metals,https://www.nasdaq.com/symbol/pzg
MSN,Emerson Radio Corporation,1.07,22515637.64,n/a,n/a,Consumer Non-Durables,Consumer Electronics/Appliances,https://www.nasdaq.com/symbol/msn
ISR,"IsoRay, Inc.",0.3299,22214821.71,n/a,n/a,Health Care,Medical/Dental Instruments,https://www.nasdaq.com/symbol/isr
FTNW,"FTE Networks, Inc.",0.8501,22170765.27,n/a,n/a,Public Utilities,Telecommunications Equipment,https://www.nasdaq.com/symbol/ftnw
MLSS,"Milestone Scientific, Inc.",0.54,22044088.98,n/a,2015,Health Care,Industrial Specialties,https://www.nasdaq.com/symbol/mlss
SDPI,"Superior Drilling Products, Inc.",0.8778,21975514.96,n/a,2014,Energy,Metal Fabrications,https://www.nasdaq.com/symbol/sdpi
ENSV,ENSERVCO Corporation,0.372,20203256.39,n/a,n/a,Energy,Oilfield Services/Equipment,https://www.nasdaq.com/symbol/ensv
NNVC,"NanoViricides, Inc.",0.2545,19529057.50,n/a,n/a,Health Care,Biotechnology: Commercial Physical & Biological Resarch,https://www.nasdaq.com/symbol/nnvc
CKX,"CKX Lands, Inc.",10,19424950.00,n/a,n/a,Energy,Oil & Gas Production,https://www.nasdaq.com/symbol/ckx
DGSE,"DGSE Companies, Inc.",0.71,19116310.51,n/a,n/a,Consumer Services,Consumer Specialties,https://www.nasdaq.com/symbol/dgse
MNI,McClatchy Company (The),2.34,18549334.44,n/a,1988,Consumer Services,Newspapers/Magazines,https://www.nasdaq.com/symbol/mni
XPL,Solitario Zinc Corp.,0.3117,18122663.78,n/a,n/a,Basic Industries,Precious Metals,https://www.nasdaq.com/symbol/xpl
AAMC,Altisource Asset Management Corp,11.35,18054887.65,n/a,n/a,Finance,Real Estate,https://www.nasdaq.com/symbol/aamc
PW,Power REIT,9.44,17680544.16,n/a,n/a,Consumer Services,Real Estate Investment Trusts,https://www.nasdaq.com/symbol/pw
OGEN,Oragenics Inc.,0.3833,17679636.99,n/a,n/a,Health Care,Major Pharmaceuticals,https://www.nasdaq.com/symbol/ogen
BGI,Birks Group Inc.,0.9765,17538800.30,n/a,n/a,Consumer Services,Consumer Specialties,https://www.nasdaq.com/symbol/bgi
ZDGE,"Zedge, Inc.",1.69,17502887.22,n/a,2016,Technology,Computer Software: Prepackaged Software,https://www.nasdaq.com/symbol/zdge
NBY,"NovaBay Pharmaceuticals, Inc.",0.82,17222692.88,n/a,2007,Health Care,Major Pharmaceuticals,https://www.nasdaq.com/symbol/nby
SIF,"SIFCO Industries, Inc.",2.9069,16782458.09,n/a,n/a,Capital Goods,Aerospace,https://www.nasdaq.com/symbol/sif
EMAN,eMagin Corporation,0.335,16469026.46,n/a,n/a,Technology,Semiconductors,https://www.nasdaq.com/symbol/eman
AMS,American Shared Hospital Services,2.8171,16096909.40,n/a,n/a,Health Care,Medical Specialities,https://www.nasdaq.com/symbol/ams
IHT,InnSuites Hospitality Trust,1.62,15114692.34,n/a,n/a,Consumer Services,Real Estate Investment Trusts,https://www.nasdaq.com/symbol/iht
HMG,"HMG/Courtland Properties, Inc.",13.86,14044227.12,n/a,n/a,Consumer Services,Real Estate Investment Trusts,https://www.nasdaq.com/symbol/hmg
IBIO,"iBio, Inc.",0.667,13141539.49,n/a,n/a,Health Care,Major Pharmaceuticals,https://www.nasdaq.com/symbol/ibio
MYO,Myomo Inc.,0.7554,12947303.70,n/a,2017,Health Care,Industrial Specialties,https://www.nasdaq.com/symbol/myo
HUSA,Houston American Energy Corporation,0.204,12755128.56,n/a,n/a,Energy,Oil & Gas Production,https://www.nasdaq.com/symbol/husa
ITP,"IT Tech Packaging, Inc.",0.5631,12400766.14,n/a,n/a,Consumer Durables,Containers/Packaging,https://www.nasdaq.com/symbol/itp
DSS,"Document Security Systems, Inc.",0.42,12265142.82,n/a,n/a,Consumer Durables,Containers/Packaging,https://www.nasdaq.com/symbol/dss
TRT,Trio-Tech International,3.2,11753776.00,n/a,n/a,Technology,Industrial Machinery/Components,https://www.nasdaq.com/symbol/trt
CPHI,"China Pharma Holdings, Inc.",0.258,11243525.71,n/a,n/a,Health Care,Major Pharmaceuticals,https://www.nasdaq.com/symbol/cphi
ACY,AeroCentury Corp.,7.23,11176741.32,n/a,n/a,Technology,Diversified Commercial Services,https://www.nasdaq.com/symbol/acy
HLTH,Nobilis Health Corp.,0.1402,10970715.75,n/a,2015,Health Care,Hospital/Nursing Management,https://www.nasdaq.com/symbol/hlth
LODE,"Comstock Mining, Inc.",0.1269,10849950.00,n/a,n/a,Basic Industries,Precious Metals,https://www.nasdaq.com/symbol/lode
INUV,"Inuvo, Inc",0.2202,10667954.31,n/a,n/a,Consumer Services,Advertising,https://www.nasdaq.com/symbol/inuv
SSY,"SunLink Health Systems, Inc.",1.45,10130939.75,n/a,n/a,Health Care,Hospital/Nursing Management,https://www.nasdaq.com/symbol/ssy
BDR,"Blonder Tongue Laboratories, Inc.",1,9595215.00,n/a,n/a,Technology,Radio And Television Broadcasting And Communications Equipment,https://www.nasdaq.com/symbol/bdr
NAVB,"Navidea Biopharmaceuticals, Inc.",0.5288,9549813.89,n/a,n/a,Health Care,Biotechnology: In Vitro & In Vivo Diagnostic Substances,https://www.nasdaq.com/symbol/navb
RCG,"RENN Fund, Inc.",1.5377,9152321.20,n/a,n/a,n/a,n/a,https://www.nasdaq.com/symbol/rcg
AWX,Avalon Holdings Corporation,2.33,9029754.23,n/a,n/a,Public Utilities,Environmental Services,https://www.nasdaq.com/symbol/awx
NTN,"NTN Buzztime, Inc.",3.1,8903200.00,n/a,n/a,Consumer Services,Broadcasting,https://www.nasdaq.com/symbol/ntn
SNMP,Sanchez Midstream Partners LP,0.4357,8753137.62,n/a,n/a,Energy,Oil & Gas Production,https://www.nasdaq.com/symbol/snmp
CANF,Can-Fite Biopharma Ltd,2.55,8476337.70,n/a,n/a,Health Care,Major Pharmaceuticals,https://www.nasdaq.com/symbol/canf
MXC,Mexco Energy Corporation,4,8160664.00,n/a,n/a,Energy,Oil & Gas Production,https://www.nasdaq.com/symbol/mxc
GBR,"New Concept Energy, Inc",1.55,7954497.70,n/a,n/a,Energy,Oil & Gas Production,https://www.nasdaq.com/symbol/gbr
BRN,"Barnwell Industries, Inc.",0.9403,7783013.55,n/a,n/a,Energy,Oil & Gas Production,https://www.nasdaq.com/symbol/brn
JOB,GEE Group Inc.,0.5648,7081694.53,n/a,n/a,Technology,Diversified Commercial Services,https://www.nasdaq.com/symbol/job
TGC,"Tengasco, Inc.",0.66,7028117.58,n/a,n/a,Energy,Oil & Gas Production,https://www.nasdaq.com/symbol/tgc
MICR,"Micron Solutions, Inc.",2.395,6878938.16,n/a,n/a,Health Care,Biotechnology: Electromedical & Electrotherapeutic Apparatus,https://www.nasdaq.com/symbol/micr
SYN,"Synthetic Biologics, Inc",0.4042,6793159.01,n/a,n/a,Health Care,Major Pharmaceuticals,https://www.nasdaq.com/symbol/syn
CEI,"Camber Energy, Inc.",0.2989,5136028.59,n/a,n/a,Energy,Oil & Gas Production,https://www.nasdaq.com/symbol/cei
TKAT,"Takung Art Co., Ltd.",0.4546,5116581.64,n/a,n/a,Consumer Services,Other Specialty Stores,https://www.nasdaq.com/symbol/tkat
COHN,Cohen & Company Inc.,4.1,4992258.40,n/a,n/a,Finance,Investment Bankers/Brokers/Service,https://www.nasdaq.com/symbol/cohn
GLOW,"Glowpoint, Inc.",0.9263,4716719.60,n/a,n/a,Public Utilities,Telecommunications Equipment,https://www.nasdaq.com/symbol/glow
HEB,"Hemispherx BioPharma, Inc.",1.89,4190107.32,n/a,n/a,Health Care,Biotechnology: Biological Products (No Diagnostic Substances),https://www.nasdaq.com/symbol/heb
UAVS,"AgEagle Aerial Systems, Inc.",0.2494,3728378.86,n/a,n/a,Capital Goods,Aerospace,https://www.nasdaq.com/symbol/uavs
BPMX,BioPharmX Corporation,0.329,3514761.94,n/a,2015,Health Care,Major Pharmaceuticals,https://www.nasdaq.com/symbol/bpmx
NSPR,InspireMD Inc.,2.2,3076196.20,n/a,n/a,Health Care,Medical/Dental Instruments,https://www.nasdaq.com/symbol/nspr
RHE,"Regional Health Properties, Inc.",1.74,2937501.06,n/a,2017,Health Care,Hospital/Nursing Management,https://www.nasdaq.com/symbol/rhe
UUU,"Universal Security Instruments, Inc.",1.2101,2798824.56,n/a,n/a,Technology,Electronic Components,https://www.nasdaq.com/symbol/uuu
DPW,"DPW Holdings, Inc.",2.07,2205661.59,n/a,n/a,Capital Goods,Industrial Machinery/Components,https://www.nasdaq.com/symbol/dpw
YUMA,"Yuma Energy, Inc.",1.3391,2071151.15,n/a,n/a,Energy,Oil & Gas Production,https://www.nasdaq.com/symbol/yuma
ARNC^,Arconic Inc.,87.0135,0.00,n/a,n/a,n/a,n/a,https://www.nasdaq.com/symbol/arnc^
BCV^A,Bancroft Fund Limited,25.6,0.00,n/a,n/a,n/a,n/a,https://www.nasdaq.com/symbol/bcv^a
BIOX.WS,Bioceres Crop Solutions Corp.,n/a,0.00,n/a,n/a,n/a,n/a,https://www.nasdaq.com/symbol/biox.ws
BRG^A,"Bluerock Residential Growth REIT, Inc.",26.36,0.00,n/a,n/a,n/a,n/a,https://www.nasdaq.com/symbol/brg^a
BRG^C,"Bluerock Residential Growth REIT, Inc.",26,0.00,n/a,n/a,n/a,n/a,https://www.nasdaq.com/symbol/brg^c
BRG^D,"Bluerock Residential Growth REIT, Inc.",25.839,0.00,n/a,n/a,n/a,n/a,https://www.nasdaq.com/symbol/brg^d
BWL.A,"Bowl America, Inc.",n/a,0.00,n/a,n/a,n/a,n/a,https://www.nasdaq.com/symbol/bwl.a
CHAC.U,Chardan Healthcare Acquisition Corp.,n/a,0.00,n/a,2018,n/a,n/a,https://www.nasdaq.com/symbol/chac.u
CHAC.WS,Chardan Healthcare Acquisition Corp.,n/a,0.00,n/a,n/a,n/a,n/a,https://www.nasdaq.com/symbol/chac.ws
CCC.WS,Clarivate Analytics Plc,n/a,0.00,n/a,n/a,n/a,n/a,https://www.nasdaq.com/symbol/ccc.ws
GLV~,Clough Global Dividend and Income Fund,0.013,0.00,n/a,n/a,n/a,n/a,https://www.nasdaq.com/symbol/glv~
GLQ~,Clough Global Equity Fund,0.052,0.00,n/a,n/a,n/a,n/a,https://www.nasdaq.com/symbol/glq~
ECF^A,Ellsworth Growth and Income Fund Ltd.,25.54,0.00,n/a,n/a,n/a,n/a,https://www.nasdaq.com/symbol/ecf^a
UUUU.WS,Energy Fuels Inc,n/a,0.00,n/a,n/a,n/a,n/a,https://www.nasdaq.com/symbol/uuuu.ws
GGN^B,"GAMCO Global Gold, Natural Reources & Income Trust ",24.9,0.00,n/a,n/a,n/a,n/a,https://www.nasdaq.com/symbol/ggn^b
HLM^,Hillman Group Capital Trust,34.88,0.00,n/a,n/a,n/a,n/a,https://www.nasdaq.com/symbol/hlm^
IBO,IBO (Listing Market - NYSE Amex Network B F),24.84,0.00,n/a,n/a,n/a,n/a,https://www.nasdaq.com/symbol/ibo
NSPR.WS,InspireMD Inc.,n/a,0.00,n/a,n/a,n/a,n/a,https://www.nasdaq.com/symbol/nspr.ws
NSPR.WS.B,InspireMD Inc.,n/a,0.00,n/a,n/a,n/a,n/a,https://www.nasdaq.com/symbol/nspr.ws.b
LTS^A,Ladenburg Thalmann Financial Services Inc,25.14,0.00,n/a,n/a,n/a,n/a,https://www.nasdaq.com/symbol/lts^a
LTSH,Ladenburg Thalmann Financial Services Inc,26.2822,0.00,n/a,2019,n/a,n/a,https://www.nasdaq.com/symbol/ltsh
LTSK,Ladenburg Thalmann Financial Services Inc,25.47,0.00,n/a,2018,Finance,Investment Bankers/Brokers/Service,https://www.nasdaq.com/symbol/ltsk
LTSL,Ladenburg Thalmann Financial Services Inc,24.55,0.00,n/a,2017,Finance,Investment Bankers/Brokers/Service,https://www.nasdaq.com/symbol/ltsl
LTSF,Ladenburg Thalmann Financial Services Inc.,25.3441,0.00,n/a,2018,Finance,Investment Bankers/Brokers/Service,https://www.nasdaq.com/symbol/ltsf
IPB,"Merrill Lynch & Co., Inc. 6.0518% Index Plus Trust Certificate",27.547,0.00,n/a,n/a,Finance,Finance: Consumer Services,https://www.nasdaq.com/symbol/ipb
ATEST,NASDAQ TEST STOCK,25,0.00,n/a,n/a,n/a,n/a,https://www.nasdaq.com/symbol/atest
ATEST.A,NASDAQ TEST STOCK,n/a,0.00,n/a,n/a,n/a,n/a,https://www.nasdaq.com/symbol/atest.a
ATEST.B,NASDAQ TEST STOCK,n/a,0.00,n/a,n/a,n/a,n/a,https://www.nasdaq.com/symbol/atest.b
ATEST.C,NASDAQ TEST STOCK,n/a,0.00,n/a,n/a,n/a,n/a,https://www.nasdaq.com/symbol/atest.c
NRCG.WS,NRC Group Holdings Corp.,n/a,0.00,n/a,n/a,n/a,n/a,https://www.nasdaq.com/symbol/nrcg.ws
PCG^A,Pacific Gas & Electric Co.,27.4368,0.00,n/a,n/a,n/a,n/a,https://www.nasdaq.com/symbol/pcg^a
PCG^B,Pacific Gas & Electric Co.,24.4,0.00,n/a,n/a,n/a,n/a,https://www.nasdaq.com/symbol/pcg^b
PCG^C,Pacific Gas & Electric Co.,22.22,0.00,n/a,n/a,n/a,n/a,https://www.nasdaq.com/symbol/pcg^c
PCG^D,Pacific Gas & Electric Co.,23,0.00,n/a,n/a,n/a,n/a,https://www.nasdaq.com/symbol/pcg^d
PCG^E,Pacific Gas & Electric Co.,21.6075,0.00,n/a,n/a,n/a,n/a,https://www.nasdaq.com/symbol/pcg^e
PCG^G,Pacific Gas & Electric Co.,20.6,0.00,n/a,n/a,n/a,n/a,https://www.nasdaq.com/symbol/pcg^g
PCG^H,Pacific Gas & Electric Co.,20.5028,0.00,n/a,n/a,n/a,n/a,https://www.nasdaq.com/symbol/pcg^h
PCG^I,Pacific Gas & Electric Co.,19.85,0.00,n/a,n/a,n/a,n/a,https://www.nasdaq.com/symbol/pcg^i
PLYM^A,"Plymouth Industrial REIT, Inc.",25.66,0.00,n/a,n/a,n/a,n/a,https://www.nasdaq.com/symbol/plym^a
PW^A,Power REIT,27.1,0.00,n/a,n/a,n/a,n/a,https://www.nasdaq.com/symbol/pw^a
RHE^A,"Regional Health Properties, Inc.",5.69,0.00,n/a,n/a,n/a,n/a,https://www.nasdaq.com/symbol/rhe^a
SCCB,Sachem Capital Corp.,26.15,0.00,n/a,2019,Consumer Services,Real Estate Investment Trusts,https://www.nasdaq.com/symbol/sccb
SCE^B,Southern California Edison Company,20.61,0.00,n/a,n/a,n/a,n/a,https://www.nasdaq.com/symbol/sce^b
SCE^C,Southern California Edison Company,21.24,0.00,n/a,n/a,n/a,n/a,https://www.nasdaq.com/symbol/sce^c
SCE^D,Southern California Edison Company,21.9612,0.00,n/a,n/a,n/a,n/a,https://www.nasdaq.com/symbol/sce^d
SCE^E,Southern California Edison Company,23.4,0.00,n/a,n/a,n/a,n/a,https://www.nasdaq.com/symbol/sce^e
TALO.WS,"Talos Energy, Inc.",n/a,0.00,n/a,n/a,n/a,n/a,https://www.nasdaq.com/symbol/talo.ws
GLU^A,The Gabelli Global Utility and Income Trust,47.484,0.00,n/a,n/a,n/a,n/a,https://www.nasdaq.com/symbol/glu^a
GLU^B,The Gabelli Global Utility and Income Trust,52.2,0.00,n/a,n/a,n/a,n/a,https://www.nasdaq.com/symbol/glu^b
GGO^A,The Gabelli Go Anywhere Trust,41.5642,0.00,n/a,n/a,n/a,n/a,https://www.nasdaq.com/symbol/ggo^a
TDW.WS,Tidewater Inc.,n/a,0.00,n/a,n/a,n/a,n/a,https://www.nasdaq.com/symbol/tdw.ws
